<?xml version="1.0" encoding="UTF-8"?>
<!-- This file stores a copy of all RSE Systems referenced by the project 
so the systems can be automatically recreated when the project is imported in a new workspace. 
This file is automatically generated and updated by the Eclipse IDE.-->
<APSC_Memento>
<host>
<properties>
<property key="host.address" value=""/>
<property key="host.defaultEncoding" value=""/>
<property key="host.defaultUser" value="lab"/>
<property key="host.description" value=""/>
<property key="host.name" value="Sensor3.0_KL25Z_FLASH_PnE U-MultiLink Target"/>
<property key="host.promptable" value="false"/>
<property key="host.type" value="com.freescale.cdt.debug.cw.core.ui.rse.systemtype.bareboard.hardware.system"/>
<property key="propertySet.[OptionalPropertySet].enableConnectorServicesPropertyPage" value="false"/>
<property key="propertySet.[OptionalPropertySet].enableGenericHostPropertyPage" value="false"/>
<property key="propertySet.[cw.dbg.ct.bareboard].enableHSSTIOModelConfig" value="false"/>
<property key="propertySet.[cw.dbg.ct.bareboard].enableNetworkIOModelConfig" value="false"/>
<property key="propertySet.[cw.dbg.ct.bareboard].enableSerialIOModelConfig" value="false"/>
<property key="propertySet.[cw.dbg.ct.bareboard].enableStopTransferIOModelConfig" value="true"/>
<property key="propertySet.[cw.dbg.ct.bareboard].ethernetController" value="UEC1"/>
<property key="propertySet.[cw.dbg.ct.bareboard].executeReset" value="true"/>
<property key="propertySet.[cw.dbg.ct.bareboard].initPath" value="${ProjDirPath}/Project_Settings/Debugger/init_kinetis.tcl"/>
<property key="propertySet.[cw.dbg.ct.bareboard].memConfigPath" value="${ProjDirPath}/Project_Settings/Debugger/MKL25Z128.mem"/>
<property key="propertySet.[cw.dbg.ct.bareboard].networkDebuggerAddress" value="127.0.0.1"/>
<property key="propertySet.[cw.dbg.ct.bareboard].networkGateway" value="127.0.0.1"/>
<property key="propertySet.[cw.dbg.ct.bareboard].networkMACAddress" value="**-**-**-**-**-**"/>
<property key="propertySet.[cw.dbg.ct.bareboard].networkNetMask" value="255.255.255.255"/>
<property key="propertySet.[cw.dbg.ct.bareboard].networkTargetAddress" value="127.0.0.1"/>
<property key="propertySet.[cw.dbg.ct.bareboard].networkUDPPort" value="1234"/>
<property key="propertySet.[cw.dbg.ct.bareboard].noIOModelConfig" value="false"/>
<property key="propertySet.[cw.dbg.ct.bareboard].runOutOfReset" value="false"/>
<property key="propertySet.[cw.dbg.ct.bareboard].targetIsPalladium" value="false"/>
<property key="propertySet.[cw.dbg.ct.bareboard].useInitFile" value="true"/>
<property key="propertySet.[cw.dbg.ct.bareboard].useMemoryConfigFile" value="true"/>
<property key="propertySet.[cw.dbg.ct.bareboard].useNetworkGateway" value="false"/>
<property key="propertySet.[cw.dbg.ct.bareboard].useNetworkMACAddress" value="false"/>
<property key="propertySet.[cw.dbg.ct.bareboard].useNetworkUDPPort" value="false"/>
<property key="propertySet.[cw.dbg.main].systemType" value="com.freescale.cw.system.kinetis.KL25Z.KL25Z128M4"/>
<property key="propertySet.[cw.dbg.main].templateId" value="None"/>
<property key="propertySet.[cw.ide.settingscache].hidden.HostID" value="com.freescale.cdt.debug.cw.core.ui.rse.systemtype.bareboard.hardware.system.150114102720+0800"/>
<property key="propertySet.[cw.ide.settingscache].hidden.TimeStamp" value="1453277969830"/>
</properties>
</host>
<host>
<properties>
<property key="hidden.applicator.com.freescale.debugger.applicator.launchconfiguration.lc.MEMS_ANGLE_1.0 FLASH.proj.MEMS_ANGLE_1.0" value="com.freescale.debugger.applicator.launchconfiguration.lc.MEMS_ANGLE_1.0 FLASH.proj.MEMS_ANGLE_1.0"/>
<property key="host.address" value=""/>
<property key="host.defaultEncoding" value=""/>
<property key="host.defaultUser" value="lab"/>
<property key="host.description" value=""/>
<property key="host.name" value="sensor"/>
<property key="host.promptable" value="false"/>
<property key="host.type" value="com.freescale.cdt.debug.cw.core.ui.rse.systemtype.bareboard.hardware"/>
<property key="propertySet.[OptionalPropertySet].enableConnectorServicesPropertyPage" value="false"/>
<property key="propertySet.[OptionalPropertySet].enableGenericHostPropertyPage" value="false"/>
<property key="propertySet.[com.pemicro.mcu.debug.connections.pne.arm].com.freescale.cdt.debug.cw.CW_SHADOWED_PREF.Embedded Initialization.simulator" value=""/>
<property key="propertySet.[com.pemicro.mcu.debug.connections.pne.arm].com.freescale.cdt.debug.cw.core.settings.GdiConnection.Common.PhysicalConnectionAttributeBase" value="com.pemicro.mcu.debug.connections.pne.arm."/>
<property key="propertySet.[com.pemicro.mcu.debug.connections.pne.arm].com.freescale.cdt.debug.cw.core.settings.GdiConnection.Common.SimulatorConnectionAttributeBase" value=""/>
<property key="propertySet.[com.pemicro.mcu.debug.connections.pne.arm].com.pemicro.mcu.debug.connections.pne.arm.CommandLineArgs" value="arm_icd "/>
<property key="propertySet.[com.pemicro.mcu.debug.connections.pne.arm].com.pemicro.mcu.debug.connections.pne.arm.ConfigFile" value=""/>
<property key="propertySet.[com.pemicro.mcu.debug.connections.pne.arm].com.pemicro.mcu.debug.connections.pne.arm.Library" value="arm_pne_gdi"/>
<property key="propertySet.[com.pemicro.mcu.debug.connections.pne.arm].com.pemicro.mcu.debug.connections.pne.arm.PEDEBUG_ALTERNATIVE_ALGORITHM_CHECKBOX" value="0"/>
<property key="propertySet.[com.pemicro.mcu.debug.connections.pne.arm].com.pemicro.mcu.debug.connections.pne.arm.PEDEBUG_ALTERNATIVE_ALGORITHM_PATH" value=""/>
<property key="propertySet.[com.pemicro.mcu.debug.connections.pne.arm].com.pemicro.mcu.debug.connections.pne.arm.PEDEBUG_AUTO_SYNC" value="1"/>
<property key="propertySet.[com.pemicro.mcu.debug.connections.pne.arm].com.pemicro.mcu.debug.connections.pne.arm.PEDEBUG_CURRENT_ALGORITHM_INDEX" value="0"/>
<property key="propertySet.[com.pemicro.mcu.debug.connections.pne.arm].com.pemicro.mcu.debug.connections.pne.arm.PEDEBUG_ENABLE_FLASH_PROGRAMMING_DIALOG" value="0"/>
<property key="propertySet.[com.pemicro.mcu.debug.connections.pne.arm].com.pemicro.mcu.debug.connections.pne.arm.PEDEBUG_ERASE_PROGRAM_WITHOUT_ASKING" value="0"/>
<property key="propertySet.[com.pemicro.mcu.debug.connections.pne.arm].com.pemicro.mcu.debug.connections.pne.arm.STARTUP_CyclonePro_PowerDownDelay" value="250"/>
<property key="propertySet.[com.pemicro.mcu.debug.connections.pne.arm].com.pemicro.mcu.debug.connections.pne.arm.STARTUP_CyclonePro_PowerUpDelay" value="250"/>
<property key="propertySet.[com.pemicro.mcu.debug.connections.pne.arm].com.pemicro.mcu.debug.connections.pne.arm.STARTUP_CyclonePro_currentvoltage" value="128"/>
<property key="propertySet.[com.pemicro.mcu.debug.connections.pne.arm].com.pemicro.mcu.debug.connections.pne.arm.STARTUP_CyclonePro_poweroffonexit" value="0"/>
<property key="propertySet.[com.pemicro.mcu.debug.connections.pne.arm].com.pemicro.mcu.debug.connections.pne.arm.STARTUP_FORCE_MASS_ERASE" value="0"/>
<property key="propertySet.[com.pemicro.mcu.debug.connections.pne.arm].com.pemicro.mcu.debug.connections.pne.arm.STARTUP_FREQ_CYCLONE" value="3"/>
<property key="propertySet.[com.pemicro.mcu.debug.connections.pne.arm].com.pemicro.mcu.debug.connections.pne.arm.STARTUP_FREQ_FX" value="4"/>
<property key="propertySet.[com.pemicro.mcu.debug.connections.pne.arm].com.pemicro.mcu.debug.connections.pne.arm.STARTUP_FREQ_NORMAL" value="0"/>
<property key="propertySet.[com.pemicro.mcu.debug.connections.pne.arm].com.pemicro.mcu.debug.connections.pne.arm.STARTUP_FREQ_OPENSDA" value="0"/>
<property key="propertySet.[com.pemicro.mcu.debug.connections.pne.arm].com.pemicro.mcu.debug.connections.pne.arm.STARTUP_FREQ_OSJTAG" value="0"/>
<property key="propertySet.[com.pemicro.mcu.debug.connections.pne.arm].com.pemicro.mcu.debug.connections.pne.arm.STARTUP_FREQ_TRACELINK" value="3"/>
<property key="propertySet.[com.pemicro.mcu.debug.connections.pne.arm].com.pemicro.mcu.debug.connections.pne.arm.STARTUP_Multilink_PowerDownDelay" value="250"/>
<property key="propertySet.[com.pemicro.mcu.debug.connections.pne.arm].com.pemicro.mcu.debug.connections.pne.arm.STARTUP_Multilink_PowerUpDelay" value="1000"/>
<property key="propertySet.[com.pemicro.mcu.debug.connections.pne.arm].com.pemicro.mcu.debug.connections.pne.arm.STARTUP_PORT" value="21"/>
<property key="propertySet.[com.pemicro.mcu.debug.connections.pne.arm].com.pemicro.mcu.debug.connections.pne.arm.STARTUP_PORT_NAME_STRING" value="PE5655058"/>
<property key="propertySet.[com.pemicro.mcu.debug.connections.pne.arm].com.pemicro.mcu.debug.connections.pne.arm.STARTUP_RESET_DELAY" value="0"/>
<property key="propertySet.[com.pemicro.mcu.debug.connections.pne.arm].com.pemicro.mcu.debug.connections.pne.arm.STARTUP_SPECIFY_IP" value="127.0.0.1"/>
<property key="propertySet.[com.pemicro.mcu.debug.connections.pne.arm].com.pemicro.mcu.debug.connections.pne.arm.STARTUP_SPECIFY_IP_ENABLED" value="0"/>
<property key="propertySet.[com.pemicro.mcu.debug.connections.pne.arm].com.pemicro.mcu.debug.connections.pne.arm.STARTUP_SPECIFY_NETWORKCARD" value="127.0.0.1"/>
<property key="propertySet.[com.pemicro.mcu.debug.connections.pne.arm].com.pemicro.mcu.debug.connections.pne.arm.STARTUP_SPECIFY_NETWORKCARD_ENABLED" value="0"/>
<property key="propertySet.[com.pemicro.mcu.debug.connections.pne.arm].com.pemicro.mcu.debug.connections.pne.arm.STARTUP_TraceLink_MaxBufferSize" value="1"/>
<property key="propertySet.[com.pemicro.mcu.debug.connections.pne.arm].com.pemicro.mcu.debug.connections.pne.arm.STARTUP_USE_CYCLONEPRO_RELAYS" value="0"/>
<property key="propertySet.[com.pemicro.mcu.debug.connections.pne.arm].com.pemicro.mcu.debug.connections.pne.arm.STARTUP_USE_SWD" value="1"/>
<property key="propertySet.[com.pemicro.mcu.debug.connections.pne.arm].com.pemicro.mcu.debug.connections.pne.arm.STARTUP_interface_selection" value="1"/>
<property key="propertySet.[com.pemicro.mcu.debug.connections.pne.arm].com.pemicro.mcu.debug.connections.pne.arm.UUID" value="d0045e4c-73a2-43e0-9b0e-aa1d7f3d4998"/>
<property key="propertySet.[cw.dbg.conn].rseSystemId" value="com.freescale.cdt.debug.cw.core.ui.rse.systemtype.bareboard.hardware.system.150114102720+0800"/>
<property key="propertySet.[cw.dbg.ct.targetConnLost].RetryConnectionOn" value="false"/>
<property key="propertySet.[cw.dbg.ct.targetConnLost].RetryTimeout" value="20"/>
<property key="propertySet.[cw.dbg.ct.targetConnLost].RetryWithTimeoutOn" value="false"/>
<property key="propertySet.[cw.dbg.ct.targetConnLost].TerminateConnectionOn" value="false"/>
<property key="propertySet.[cw.dbg.ct.targetConnLost].retryPromptUserActionOn" value="true"/>
<property key="propertySet.[cw.dbg.ct].Connection Type" value="com.pemicro.mcu.debug.connections.pne.arm"/>
<property key="propertySet.[cw.dbg.main].templateId" value="None"/>
<property key="propertySet.[cw.ide.settingscache].hidden.HostID" value="com.freescale.cdt.debug.cw.core.ui.rse.systemtype.bareboard.hardware.160120161739+0800"/>
<property key="propertySet.[cw.ide.settingscache].hidden.TimeStamp" value="1453277971758"/>
</properties>
</host>
</APSC_Memento>